barcode,library,sample,experiment,platform,SRSId,anatId,anatName,stageId,stageName,url_GSM,infoOrgan,infoStage,anatAnnotationStatus,anatBiologicalStatus,stageAnnotationStatus,sex,strain,genotype,speciesId,speciesName,protocol,protocolType,RNASelection,globin_reduction,replicate,lib_name,sampleName,sampleAge_value,sampleAge_unit,PATOid,PATOname,comment,condition,physiologicalStatus,annotatorId,lastModificationDate
ATGTCTAGTATAGC,Hogna,Hogna_51,Moulting_signeria,,,,,,,,,,,,,,,,181846,Hogna,BRBseq,,,,,,,,,,,comes from BRB3 plate,,,,
CACTAGATATCACA,Hogna,Hogna_52,Moulting_signeria,,,,,,,,,,,,,,,,181846,Hogna,BRBseq,,,,,,,,,,,comes from BRB3 plate,,,,
CTTCGGTACACTAA,Hogna,Hogna_53,Moulting_signeria,,,,,,,,,,,,,,,,181846,Hogna,BRBseq,,,,,,,,,,,comes from BRB3 plate,,,,
CTGTTCGGAGGTCA,Hogna,Hogna_54,Moulting_signeria,,,,,,,,,,,,,,,,181846,Hogna,BRBseq,,,,,,,,,,,comes from BRB3 plate,,,,
ACACGATCTGACGA,Hogna,Hogna_55,Moulting_signeria,,,,,,,,,,,,,,,,181846,Hogna,BRBseq,,,,,,,,,,,comes from BRB3 plate,,,,
CCTACAGGTCGAGG,Hogna,Hogna_58,Moulting_signeria,,,,,,,,,,,,,,,,181846,Hogna,BRBseq,,,,,,,,,,,comes from BRB3 plate,,,,
AATCAAGTGTGAAC,Hogna,Hogna60,Moulting_signeria,,,,,,,,,,,,,,,,181846,Hogna,BRBseq,,,,,,,,,,,comes from BRB3 plate,,,,
CATTGGTGGTGTCC,Hogna,Hogna61,Moulting_signeria,,,,,,,,,,,,,,,,181846,Hogna,BRBseq,,,,,,,,,,,comes from BRB3 plate,,,,
TCCAGAACTGAGGC,Hogna,Hogna62,Moulting_signeria,,,,,,,,,,,,,,,,181846,Hogna,BRBseq,,,,,,,,,,,comes from BRB3 plate,,,,
TAACAGTCCGTTCA,Hogna,Hogna63,Moulting_signeria,,,,,,,,,,,,,,,,181846,Hogna,BRBseq,,,,,,,,,,,comes from BRB3 plate,,,,
TCATCTAGGTGGAA,Hogna,Hogna64,Moulting_signeria,,,,,,,,,,,,,,,,181846,Hogna,BRBseq,,,,,,,,,,,comes from BRB3 plate,,,,
CAAGACCTTGGCCA,Hogna,Hogna65,Moulting_signeria,,,,,,,,,,,,,,,,181846,Hogna,BRBseq,,,,,,,,,,,comes from BRB3 plate,,,,
TCCTCCGATGCCAG,Hogna,Hogna66,Moulting_signeria,,,,,,,,,,,,,,,,181846,Hogna,BRBseq,,,,,,,,,,,comes from BRB3 plate,,,,
AACAAGAGGTGTGG,Hogna,Hogna67,Moulting_signeria,,,,,,,,,,,,,,,,181846,Hogna,BRBseq,,,,,,,,,,,comes from BRB3 plate,,,,
CTGTGTAGGATTAA,Hogna,Hogna68,Moulting_signeria,,,,,,,,,,,,,,,,181846,Hogna,BRBseq,,,,,,,,,,,comes from BRB3 plate,,,,
CTGTGATTCGGACC,Hogna,Hogna69,Moulting_signeria,,,,,,,,,,,,,,,,181846,Hogna,BRBseq,,,,,,,,,,,comes from BRB3 plate,,,,
CCAGAGGTAATGGA,Hogna,Hogna70,Moulting_signeria,,,,,,,,,,,,,,,,181846,Hogna,BRBseq,,,,,,,,,,,comes from BRB3 plate,,,,
TCAATTAAGGCACG,Hogna,Hogna71,Moulting_signeria,,,,,,,,,,,,,,,,181846,Hogna,BRBseq,,,,,,,,,,,comes from BRB3 plate,,,,
CCACACCTTCAGGC,Hogna,Hogna76,Moulting_signeria,,,,,,,,,,,,,,,,181846,Hogna,BRBseq,,,,,,,,,,,comes from BRB3 plate,,,,
ATCGTGTGTGGCCA,Hogna,Hogna77,Moulting_signeria,,,,,,,,,,,,,,,,181846,Hogna,BRBseq,,,,,,,,,,,comes from BRB3 plate,,,,
AAGGCAAGTTGTGA,Hogna,Hogna78,Moulting_signeria,,,,,,,,,,,,,,,,181846,Hogna,BRBseq,,,,,,,,,,,comes from BRB3 plate,,,,
ATGCACGATCGAGC,Hogna,Hogna79,Moulting_signeria,,,,,,,,,,,,,,,,181846,Hogna,BRBseq,,,,,,,,,,,comes from BRB3 plate,,,,
CATACGGCCTCTAA,Hogna,Hogna80,Moulting_signeria,,,,,,,,,,,,,,,,181846,Hogna,BRBseq,,,,,,,,,,,comes from BRB3 plate,,,,
CATACTATGTAGAC,Hogna,Hogna81,Moulting_signeria,,,,,,,,,,,,,,,,181846,Hogna,BRBseq,,,,,,,,,,,comes from BRB3 plate,,,,
TATTCCTAGTTCGA,Hogna,Hogna82,Moulting_signeria,,,,,,,,,,,,,,,,181846,Hogna,BRBseq,,,,,,,,,,,comes from BRB3 plate,,,,
CATCTATCTGCGCG,Hogna,Hogna83,Moulting_signeria,,,,,,,,,,,,,,,,181846,Hogna,BRBseq,,,,,,,,,,,comes from BRB3 plate,,,,
CCTGTGATTACACC,Hogna,Hogna84,Moulting_signeria,,,,,,,,,,,,,,,,181846,Hogna,BRBseq,,,,,,,,,,,comes from BRB3 plate,,,,
CCGGTTCCTAGTGA,Scolopendra,Scol50,Moulting_signeria,,,,,,,,,,,,,,,,41365,Scolopendra,BRBseq,,,,,,,,,,,comes from BRB3 plate,,,,
TTCTTCTCCAGAAG,Scolopendra,Scol51,Moulting_signeria,,,,,,,,,,,,,,,,41365,Scolopendra,BRBseq,,,,,,,,,,,comes from BRB3 plate,,,,
TATCATATGAGTCG,Scolopendra,Scol52,Moulting_signeria,,,,,,,,,,,,,,,,41365,Scolopendra,BRBseq,,,,,,,,,,,comes from BRB3 plate,,,,
CACGCATCAGTCAG,Scolopendra,Scol53,Moulting_signeria,,,,,,,,,,,,,,,,41365,Scolopendra,BRBseq,,,,,,,,,,,comes from BRB3 plate,,,,
CATGAGACGTCGCG,Scolopendra,Scol56,Moulting_signeria,,,,,,,,,,,,,,,,41365,Scolopendra,BRBseq,,,,,,,,,,,comes from BRB3 plate,,,,
CTGTCACACAGTCA,Scolopendra,Scol57,Moulting_signeria,,,,,,,,,,,,,,,,41365,Scolopendra,BRBseq,,,,,,,,,,,comes from BRB3 plate,,,,
TCCTCCTCTTGTGA,Scolopendra,Scol59,Moulting_signeria,,,,,,,,,,,,,,,,41365,Scolopendra,BRBseq,,,,,,,,,,,comes from BRB3 plate,,,,
CCACTTCTTGTTGG,Scolopendra,Scol60,Moulting_signeria,,,,,,,,,,,,,,,,41365,Scolopendra,BRBseq,,,,,,,,,,,comes from BRB3 plate,,,,
TTGTCGGTTGAGGC,Scolopendra,Scol61,Moulting_signeria,,,,,,,,,,,,,,,,41365,Scolopendra,BRBseq,,,,,,,,,,,comes from BRB3 plate,,,,
AACTCTTCGGTAGG,Scolopendra,Scol62,Moulting_signeria,,,,,,,,,,,,,,,,41365,Scolopendra,BRBseq,,,,,,,,,,,comes from BRB3 plate,,,,
CTTGATACCGGCGC,Scolopendra,Scol63,Moulting_signeria,,,,,,,,,,,,,,,,41365,Scolopendra,BRBseq,,,,,,,,,,,comes from BRB3 plate,,,,
ACTAGAGCGTGTGA,Scolopendra,Scol64,Moulting_signeria,,,,,,,,,,,,,,,,41365,Scolopendra,BRBseq,,,,,,,,,,,comes from BRB3 plate,,,,
ATGGATCGTTAGGA,Scolopendra,Scol66,Moulting_signeria,,,,,,,,,,,,,,,,41365,Scolopendra,BRBseq,,,,,,,,,,,comes from BRB3 plate,,,,
CCTCGGTTGAAGCC,Scutigera,Scut50,Moulting_signeria,,,,,,,,,,,,,,,,29022,Scutigera,BRBseq,,,,,,,,,,,comes from BRB3 plate,,,,
TCAGAGTAGTGCAG,Scutigera,Scut51,Moulting_signeria,,,,,,,,,,,,,,,,29022,Scutigera,BRBseq,,,,,,,,,,,comes from BRB3 plate,,,,
CCAACCGAACGGCA,Scutigera,Scut52,Moulting_signeria,,,,,,,,,,,,,,,,29022,Scutigera,BRBseq,,,,,,,,,,,comes from BRB3 plate,,,,
TAACCTGTTCAAGA,Scutigera,Scut53,Moulting_signeria,,,,,,,,,,,,,,,,29022,Scutigera,BRBseq,,,,,,,,,,,comes from BRB3 plate,,,,
TCTCACATCACGAG,Scutigera,Scut54,Moulting_signeria,,,,,,,,,,,,,,,,29022,Scutigera,BRBseq,,,,,,,,,,,comes from BRB3 plate,,,,
ATATTGTAAGGTGG,Scutigera,Scut55,Moulting_signeria,,,,,,,,,,,,,,,,29022,Scutigera,BRBseq,,,,,,,,,,,comes from BRB3 plate,,,,
TCGTGTCGCATGCA,Scutigera,Scut58,Moulting_signeria,,,,,,,,,,,,,,,,29022,Scutigera,BRBseq,,,,,,,,,,,comes from BRB3 plate,,,,
CTCAGTCACACGAG,Scutigera,Scut59,Moulting_signeria,,,,,,,,,,,,,,,,29022,Scutigera,BRBseq,,,,,,,,,,,comes from BRB3 plate,,,,
TCGCGGATTAGGCA,Scutigera,Scut60,Moulting_signeria,,,,,,,,,,,,,,,,29022,Scutigera,BRBseq,,,,,,,,,,,comes from BRB3 plate,,,,
TCATCTGCGCACAC,Scutigera,Scut64,Moulting_signeria,,,,,,,,,,,,,,,,29022,Scutigera,BRBseq,,,,,,,,,,,comes from BRB3 plate,,,,
AATGCCGTATTGAC,Scutigera,Scut63,Moulting_signeria,,,,,,,,,,,,,,,,29022,Scutigera,BRBseq,,,,,,,,,,,comes from BRB3 plate,,,,
TCCTATGGTAGGAG,Scutigera,Scut68,Moulting_signeria,,,,,,,,,,,,,,,,29022,Scutigera,BRBseq,,,,,,,,,,,comes from BRB3 plate,,,,
TATCTTCCACCTGA,Scutigera,Scut70,Moulting_signeria,,,,,,,,,,,,,,,,29022,Scutigera,BRBseq,,,,,,,,,,,comes from BRB3 plate,,,,
TCAGAATCCTCGCC,Scutigera,Scut71,Moulting_signeria,,,,,,,,,,,,,,,,29022,Scutigera,BRBseq,,,,,,,,,,,comes from BRB3 plate,,,,
AATGACCACGACCG,Scutigera,Scut72,Moulting_signeria,,,,,,,,,,,,,,,,29022,Scutigera,BRBseq,,,,,,,,,,,comes from BRB3 plate,,,,
CTTGGTTGGTTCCG,Archispirostreptus,Arch50,Moulting_signeria,,,,,,,,,,,,,,,,184086,Archispirostreptus,BRBseq,,,,,,,,,,,comes from BRB3 plate,,,,
CAACACCGGCTTGG,Archispirostreptus,Arch52,Moulting_signeria,,,,,,,,,,,,,,,,184086,Archispirostreptus,BRBseq,,,,,,,,,,,comes from BRB3 plate,,,,
CAACAACCTTGAGG,Archispirostreptus,Arch54,Moulting_signeria,,,,,,,,,,,,,,,,184086,Archispirostreptus,BRBseq,,,,,,,,,,,comes from BRB3 plate,,,,
ACGTACATCTATCG,Archispirostreptus,Arch55,Moulting_signeria,,,,,,,,,,,,,,,,184086,Archispirostreptus,BRBseq,,,,,,,,,,,comes from BRB3 plate,,,,
AAGCTATGTGCAAC,Archispirostreptus,Arch56,Moulting_signeria,,,,,,,,,,,,,,,,184086,Archispirostreptus,BRBseq,,,,,,,,,,,comes from BRB3 plate,,,,
ACACATCTCTACGA,Archispirostreptus,Arch57,Moulting_signeria,,,,,,,,,,,,,,,,184086,Archispirostreptus,BRBseq,,,,,,,,,,,comes from BRB3 plate,,,,
TTAAGTGACCGCGC,Archispirostreptus,Arch58,Moulting_signeria,,,,,,,,,,,,,,,,184086,Archispirostreptus,BRBseq,,,,,,,,,,,comes from BRB3 plate,,,,
CACACAGACGCTCG,Archispirostreptus,Arch67,Moulting_signeria,,,,,,,,,,,,,,,,184086,Archispirostreptus,BRBseq,,,,,,,,,,,comes from BRB3 plate,,,,